arc_i,arc_j,capacity_1,capacity_2,capacity_3,capacity_4,capacity_5,capacity_6,capacity_7,capacity_8,capacity_9,capacity_10,capacity_11,capacity_12,capacity_13,capacity_14
48,4,200866017,44156092,663990342,5863073,484,129340774,46564633,36689444,10525170,117746698,2302539,21120288,1751203,24949802
6,5,0,0,0,0,0,0,0,0,0,0,0,0,0,0
5,6,0,0,0,0,0,0,0,0,0,0,0,0,0,0
32,13,0,0,0,0,0,0,0,0,0,0,0,0,0,0
15,14,1914746144,420915935,6329457639,55889479,4623,1232935028,443875246,349740455,100330710,1122415031,21948855,201328189,16693271,237832857
30,14,1914746144,420915935,6329457639,55889479,4623,1232935028,443875246,349740455,100330710,1122415031,21948855,201328189,16693271,237832857
14,15,1914746144,420915935,6329457639,55889479,4623,1232935028,443875246,349740455,100330710,1122415031,21948855,201328189,16693271,237832857
16,15,1914746144,420915935,6329457639,55889479,4623,1232935028,443875246,349740455,100330710,1122415031,21948855,201328189,16693271,237832857
15,16,1914746144,420915935,6329457639,55889479,4623,1232935028,443875246,349740455,100330710,1122415031,21948855,201328189,16693271,237832857
17,16,1914746144,420915935,6329457639,55889479,4623,1232935028,443875246,349740455,100330710,1122415031,21948855,201328189,16693271,237832857
16,17,1914746144,420915935,6329457639,55889479,4623,1232935028,443875246,349740455,100330710,1122415031,21948855,201328189,16693271,237832857
18,17,1914746144,420915935,6329457639,55889479,4623,1232935028,443875246,349740455,100330710,1122415031,21948855,201328189,16693271,237832857
17,18,1914746144,420915935,6329457639,55889479,4623,1232935028,443875246,349740455,100330710,1122415031,21948855,201328189,16693271,237832857
19,18,1914746144,420915935,6329457639,55889479,4623,1232935028,443875246,349740455,100330710,1122415031,21948855,201328189,16693271,237832857
18,19,1914746144,420915935,6329457639,55889479,4623,1232935028,443875246,349740455,100330710,1122415031,21948855,201328189,16693271,237832857
20,19,1914746144,420915935,6329457639,55889479,4623,1232935028,443875246,349740455,100330710,1122415031,21948855,201328189,16693271,237832857
19,20,1914746144,420915935,6329457639,55889479,4623,1232935028,443875246,349740455,100330710,1122415031,21948855,201328189,16693271,237832857
21,20,1914746144,420915935,6329457639,55889479,4623,1232935028,443875246,349740455,100330710,1122415031,21948855,201328189,16693271,237832857
20,21,1914746144,420915935,6329457639,55889479,4623,1232935028,443875246,349740455,100330710,1122415031,21948855,201328189,16693271,237832857
22,21,1914746144,420915935,6329457639,55889479,4623,1232935028,443875246,349740455,100330710,1122415031,21948855,201328189,16693271,237832857
21,22,1914746144,420915935,6329457639,55889479,4623,1232935028,443875246,349740455,100330710,1122415031,21948855,201328189,16693271,237832857
23,22,1914746144,420915935,6329457639,55889479,4623,1232935028,443875246,349740455,100330710,1122415031,21948855,201328189,16693271,237832857
22,23,1914746144,420915935,6329457639,55889479,4623,1232935028,443875246,349740455,100330710,1122415031,21948855,201328189,16693271,237832857
24,23,1914746144,420915935,6329457639,55889479,4623,1232935028,443875246,349740455,100330710,1122415031,21948855,201328189,16693271,237832857
23,24,1914746144,420915935,6329457639,55889479,4623,1232935028,443875246,349740455,100330710,1122415031,21948855,201328189,16693271,237832857
25,24,1914746144,420915935,6329457639,55889479,4623,1232935028,443875246,349740455,100330710,1122415031,21948855,201328189,16693271,237832857
24,25,1914746144,420915935,6329457639,55889479,4623,1232935028,443875246,349740455,100330710,1122415031,21948855,201328189,16693271,237832857
26,25,1914746144,420915935,6329457639,55889479,4623,1232935028,443875246,349740455,100330710,1122415031,21948855,201328189,16693271,237832857
25,26,1914746144,420915935,6329457639,55889479,4623,1232935028,443875246,349740455,100330710,1122415031,21948855,201328189,16693271,237832857
27,26,951770825,209226433,3146209819,27781216,2298,612860139,220638913,173846942,49871803,557923505,10910209,100075040,8297793,118220567
26,27,951770825,209226433,3146209819,27781216,2298,612860139,220638913,173846942,49871803,557923505,10910209,100075040,8297793,118220567
28,27,0,0,0,0,0,0,0,0,0,0,0,0,0,0
27,28,0,0,0,0,0,0,0,0,0,0,0,0,0,0
29,28,0,0,0,0,0,0,0,0,0,0,0,0,0,0
28,29,0,0,0,0,0,0,0,0,0,0,0,0,0,0
14,30,1914746144,420915935,6329457639,55889479,4623,1232935028,443875246,349740455,100330710,1122415031,21948855,201328189,16693271,237832857
32,30,1234124070,271295748,4079567441,36022818,2979,794671816,286093865,225420542,64666820,723437627,14146842,129763397,10759425,153291994
32,31,778814183,171205620,2574477769,22732788,1880,501490649,180544213,142255320,40809054,456537149,8927596,81889314,6789911,96737420
44,31,1018997788,224004842,3368437824,29743502,2460,656148634,236223425,186126370,53394426,597331629,11680835,107143696,8883896,126570906
13,32,0,0,0,0,0,0,0,0,0,0,0,0,0,0
30,32,1234124070,271295748,4079567441,36022818,2979,794671816,286093865,225420542,64666820,723437627,14146842,129763397,10759425,153291994
31,32,778814183,171205620,2574477769,22732788,1880,501490649,180544213,142255320,40809054,456537149,8927596,81889314,6789911,96737420
43,33,662287447,145589712,2189282560,19331492,1599,426457258,153531059,120970977,34703174,388229733,7591842,69636976,5774000,82263498
44,33,1064019482,233901897,3517263246,31057639,2569,685138807,246660326,194349866,55753516,623723131,12196922,111877554,9276407,132163104
47,33,401732034,88312184,1327980685,11726146,969,258681548,93129267,73378889,21050341,235493397,4605079,42240577,3502407,49899605
35,34,662287447,145589712,2189282560,19331492,1599,426457258,153531059,120970977,34703174,388229733,7591842,69636976,5774000,82263498
45,34,535574807,117734652,1770416441,15632880,1293,344865005,124156614,97826115,28063564,313951390,6139327,56313630,4669285,66524373
34,35,662287447,145589712,2189282560,19331492,1599,426457258,153531059,120970977,34703174,388229733,7591842,69636976,5774000,82263498
36,35,662287447,145589712,2189282560,19331492,1599,426457258,153531059,120970977,34703174,388229733,7591842,69636976,5774000,82263498
35,36,662287447,145589712,2189282560,19331492,1599,426457258,153531059,120970977,34703174,388229733,7591842,69636976,5774000,82263498
37,36,662287447,145589712,2189282560,19331492,1599,426457258,153531059,120970977,34703174,388229733,7591842,69636976,5774000,82263498
36,37,662287447,145589712,2189282560,19331492,1599,426457258,153531059,120970977,34703174,388229733,7591842,69636976,5774000,82263498
38,37,662287447,145589712,2189282560,19331492,1599,426457258,153531059,120970977,34703174,388229733,7591842,69636976,5774000,82263498
37,38,662287447,145589712,2189282560,19331492,1599,426457258,153531059,120970977,34703174,388229733,7591842,69636976,5774000,82263498
39,38,662287447,145589712,2189282560,19331492,1599,426457258,153531059,120970977,34703174,388229733,7591842,69636976,5774000,82263498
38,39,662287447,145589712,2189282560,19331492,1599,426457258,153531059,120970977,34703174,388229733,7591842,69636976,5774000,82263498
40,39,662287447,145589712,2189282560,19331492,1599,426457258,153531059,120970977,34703174,388229733,7591842,69636976,5774000,82263498
39,40,662287447,145589712,2189282560,19331492,1599,426457258,153531059,120970977,34703174,388229733,7591842,69636976,5774000,82263498
41,40,662287447,145589712,2189282560,19331492,1599,426457258,153531059,120970977,34703174,388229733,7591842,69636976,5774000,82263498
40,41,662287447,145589712,2189282560,19331492,1599,426457258,153531059,120970977,34703174,388229733,7591842,69636976,5774000,82263498
42,41,662287447,145589712,2189282560,19331492,1599,426457258,153531059,120970977,34703174,388229733,7591842,69636976,5774000,82263498
41,42,662287447,145589712,2189282560,19331492,1599,426457258,153531059,120970977,34703174,388229733,7591842,69636976,5774000,82263498
43,42,662287447,145589712,2189282560,19331492,1599,426457258,153531059,120970977,34703174,388229733,7591842,69636976,5774000,82263498
33,43,662287447,145589712,2189282560,19331492,1599,426457258,153531059,120970977,34703174,388229733,7591842,69636976,5774000,82263498
42,43,662287447,145589712,2189282560,19331492,1599,426457258,153531059,120970977,34703174,388229733,7591842,69636976,5774000,82263498
31,44,1018997788,224004842,3368437824,29743502,2460,656148634,236223425,186126370,53394426,597331629,11680835,107143696,8883896,126570906
33,44,1064019482,233901897,3517263246,31057639,2569,685138807,246660326,194349866,55753516,623723131,12196922,111877554,9276407,132163104
34,45,535574807,117734652,1770416441,15632880,1293,344865005,124156614,97826115,28063564,313951390,6139327,56313630,4669285,66524373
46,45,365470218,80340801,1208112246,10667701,882,235331997,84723076,66755439,19150260,214236893,4189408,38427787,3186267,45395483
66,45,1217826625,267713103,4025693985,35547112,2940,784177635,282315801,222443711,63812851,713884142,13960023,128049783,10617339,151267669
200,45,0,0,0,0,0,0,0,0,0,0,0,0,0,0
45,46,365470218,80340801,1208112246,10667701,882,235331997,84723076,66755439,19150260,214236893,4189408,38427787,3186267,45395483
33,47,401732034,88312184,1327980685,11726146,969,258681548,93129267,73378889,21050341,235493397,4605079,42240577,3502407,49899605
48,47,401732034,88312184,1327980685,11726146,969,258681548,93129267,73378889,21050341,235493397,4605079,42240577,3502407,49899605
4,48,200866017,44156092,663990342,5863073,484,129340774,46564633,36689444,10525170,117746698,2302539,21120288,1751203,24949802
47,48,401732034,88312184,1327980685,11726146,969,258681548,93129267,73378889,21050341,235493397,4605079,42240577,3502407,49899605
66,49,88006206,19346279,290916661,2568811,212,56668574,20401543,16074888,4611433,51588817,1008820,9253513,767261,10931353
51,50,1562313882,343441250,5164444157,45602342,3772,1005998375,362174620,285366480,81863626,915820925,17908902,164271293,13620672,194056834
75,50,1562313882,343441250,5164444157,45602342,3772,1005998375,362174620,285366480,81863626,915820925,17908902,164271293,13620672,194056834
50,51,1562313882,343441250,5164444157,45602342,3772,1005998375,362174620,285366480,81863626,915820925,17908902,164271293,13620672,194056834
52,51,1562313882,343441250,5164444157,45602342,3772,1005998375,362174620,285366480,81863626,915820925,17908902,164271293,13620672,194056834
51,52,1562313882,343441250,5164444157,45602342,3772,1005998375,362174620,285366480,81863626,915820925,17908902,164271293,13620672,194056834
53,52,1562313882,343441250,5164444157,45602342,3772,1005998375,362174620,285366480,81863626,915820925,17908902,164271293,13620672,194056834
52,53,1562313882,343441250,5164444157,45602342,3772,1005998375,362174620,285366480,81863626,915820925,17908902,164271293,13620672,194056834
54,53,1562313882,343441250,5164444157,45602342,3772,1005998375,362174620,285366480,81863626,915820925,17908902,164271293,13620672,194056834
53,54,1562313882,343441250,5164444157,45602342,3772,1005998375,362174620,285366480,81863626,915820925,17908902,164271293,13620672,194056834
55,54,1562313882,343441250,5164444157,45602342,3772,1005998375,362174620,285366480,81863626,915820925,17908902,164271293,13620672,194056834
54,55,1562313882,343441250,5164444157,45602342,3772,1005998375,362174620,285366480,81863626,915820925,17908902,164271293,13620672,194056834
56,55,1562313882,343441250,5164444157,45602342,3772,1005998375,362174620,285366480,81863626,915820925,17908902,164271293,13620672,194056834
55,56,1562313882,343441250,5164444157,45602342,3772,1005998375,362174620,285366480,81863626,915820925,17908902,164271293,13620672,194056834
57,56,1562313882,343441250,5164444157,45602342,3772,1005998375,362174620,285366480,81863626,915820925,17908902,164271293,13620672,194056834
56,57,1562313882,343441250,5164444157,45602342,3772,1005998375,362174620,285366480,81863626,915820925,17908902,164271293,13620672,194056834
58,57,1510162056,331976788,4992049099,44080084,3646,972416998,350084817,275840620,79130924,885249774,17311082,158787729,13165998,187578995
57,58,1510162056,331976788,4992049099,44080084,3646,972416998,350084817,275840620,79130924,885249774,17311082,158787729,13165998,187578995
59,58,1459232538,320781024,4823694549,42593503,3523,939622684,338278368,266538023,76462270,855395134,16727274,153432686,12721981,181252980
58,59,1459232538,320781024,4823694549,42593503,3523,939622684,338278368,266538023,76462270,855395134,16727274,153432686,12721981,181252980
60,59,1459232538,320781024,4823694549,42593503,3523,939622684,338278368,266538023,76462270,855395134,16727274,153432686,12721981,181252980
59,60,1459232538,320781024,4823694549,42593503,3523,939622684,338278368,266538023,76462270,855395134,16727274,153432686,12721981,181252980
61,60,1428471110,314018783,4722008402,41695609,3449,919814918,331147273,260919254,74850403,837362932,16374654,150198240,12453795,177432067
60,61,1428471110,314018783,4722008402,41695609,3449,919814918,331147273,260919254,74850403,837362932,16374654,150198240,12453795,177432067
62,61,1397098527,307122192,4618301999,40779875,3373,899613621,323874501,255188854,73206512,818972474,16015028,146899534,12180280,173535241
61,62,1397098527,307122192,4618301999,40779875,3373,899613621,323874501,255188854,73206512,818972474,16015028,146899534,12180280,173535241
63,62,1397098527,307122192,4618301999,40779875,3373,899613621,323874501,255188854,73206512,818972474,16015028,146899534,12180280,173535241
62,63,1397098527,307122192,4618301999,40779875,3373,899613621,323874501,255188854,73206512,818972474,16015028,146899534,12180280,173535241
64,63,1397098527,307122192,4618301999,40779875,3373,899613621,323874501,255188854,73206512,818972474,16015028,146899534,12180280,173535241
63,64,1397098527,307122192,4618301999,40779875,3373,899613621,323874501,255188854,73206512,818972474,16015028,146899534,12180280,173535241
65,64,1397098527,307122192,4618301999,40779875,3373,899613621,323874501,255188854,73206512,818972474,16015028,146899534,12180280,173535241
64,65,1397098527,307122192,4618301999,40779875,3373,899613621,323874501,255188854,73206512,818972474,16015028,146899534,12180280,173535241
66,65,1397098527,307122192,4618301999,40779875,3373,899613621,323874501,255188854,73206512,818972474,16015028,146899534,12180280,173535241
45,66,1217826625,267713103,4025693985,35547112,2940,784177635,282315801,222443711,63812851,713884142,13960023,128049783,10617339,151267669
49,66,88006206,19346279,290916661,2568811,212,56668574,20401543,16074888,4611433,51588817,1008820,9253513,767261,10931353
65,66,1397098527,307122192,4618301999,40779875,3373,899613621,323874501,255188854,73206512,818972474,16015028,146899534,12180280,173535241
68,67,2034939806,447337938,6726774376,59397809,4913,1310329609,471738465,371694585,106628733,1192871980,23326643,213966090,17741152,252762253
74,67,1395876218,306853494,4614261490,40744197,3370,898826557,323591146,254965592,73142465,818255962,16001017,146771013,12169624,173383417
67,68,2034939806,447337938,6726774376,59397809,4913,1310329609,471738465,371694585,106628733,1192871980,23326643,213966090,17741152,252762253
69,68,2034939806,447337938,6726774376,59397809,4913,1310329609,471738465,371694585,106628733,1192871980,23326643,213966090,17741152,252762253
68,69,2034939806,447337938,6726774376,59397809,4913,1310329609,471738465,371694585,106628733,1192871980,23326643,213966090,17741152,252762253
70,69,2034939806,447337938,6726774376,59397809,4913,1310329609,471738465,371694585,106628733,1192871980,23326643,213966090,17741152,252762253
69,70,2034939806,447337938,6726774376,59397809,4913,1310329609,471738465,371694585,106628733,1192871980,23326643,213966090,17741152,252762253
71,70,1842222511,404973168,6089720761,53772589,4448,1186235925,427062863,336493556,96530547,1079902024,21117512,193702608,16060991,228824612
70,71,1842222511,404973168,6089720761,53772589,4448,1186235925,427062863,336493556,96530547,1079902024,21117512,193702608,16060991,228824612
72,71,1838759304,404211856,6078272652,53671501,4439,1184005911,426260024,335860980,96349079,1077871908,21077813,193338465,16030798,228394443
71,72,1838759304,404211856,6078272652,53671501,4439,1184005911,426260024,335860980,96349079,1077871908,21077813,193338465,16030798,228394443
76,72,1070945896,235424521,3540159465,31259814,2585,689598834,248266003,195615020,56116453,627783362,12276320,112605840,9336794,133023442
74,73,1406876994,309271779,4650626073,41065299,3396,905910129,326141339,256974953,73718894,824704564,16127119,147927702,12265531,174749836
95,73,2104000231,462519394,6955063145,61413612,5080,1354798699,487748009,384308907,110247428,1233354872,24118287,221227528,18343239,261340329
67,74,1395876218,306853494,4614261490,40744197,3370,898826557,323591146,254965592,73142465,818255962,16001017,146771013,12169624,173383417
73,74,1406876994,309271779,4650626073,41065299,3396,905910129,326141339,256974953,73718894,824704564,16127119,147927702,12265531,174749836
75,74,1688822804,371251527,5582636858,49295008,4077,1087459451,391501839,308474133,88492562,989979849,19359082,177573219,14723611,209770655
50,75,1562313882,343441250,5164444157,45602342,3772,1005998375,362174620,285366480,81863626,915820925,17908902,164271293,13620672,194056834
74,75,1688822804,371251527,5582636858,49295008,4077,1087459451,391501839,308474133,88492562,989979849,19359082,177573219,14723611,209770655
143,75,300891590,66144572,994638677,8782717,726,193748806,69752499,54959746,15766407,176381210,3449139,31637592,2623253,37374096
72,76,1070945896,235424521,3540159465,31259814,2585,689598834,248266003,195615020,56116453,627783362,12276320,112605840,9336794,133023442
90,77,2030458008,446352711,6711959176,59266990,4902,1307443709,470699497,370875957,106393892,1190244772,23275268,213494847,17702078,252205563
91,77,2104000231,462519394,6955063145,61413612,5080,1354798699,487748009,384308907,110247428,1233354872,24118287,221227528,18343239,261340329
151,77,703642215,154680672,2325986454,20538595,1698,453086241,163117895,128524687,36870121,412471701,8065895,73985271,6134542,87400222
79,78,2368426287,520647799,7829159966,69131938,5718,1525066777,549047091,432607994,124103079,1388360161,27149419,249030911,20648577,294184998
104,78,2223990175,488896613,7351706463,64915996,5369,1432062102,515564002,406225827,116534777,1303692403,25493739,233844009,19389344,276244420
154,78,335116225,73668125,1107772935,9781699,809,215786585,77686432,61211091,17559742,196443528,3841458,35236181,2921633,41625178
78,79,2368426287,520647799,7829159966,69131938,5718,1525066777,549047091,432607994,124103079,1388360161,27149419,249030911,20648577,294184998
80,79,2368426287,520647799,7829159966,69131938,5718,1525066777,549047091,432607994,124103079,1388360161,27149419,249030911,20648577,294184998
79,80,2368426287,520647799,7829159966,69131938,5718,1525066777,549047091,432607994,124103079,1388360161,27149419,249030911,20648577,294184998
81,80,2368426287,520647799,7829159966,69131938,5718,1525066777,549047091,432607994,124103079,1388360161,27149419,249030911,20648577,294184998
80,81,2368426287,520647799,7829159966,69131938,5718,1525066777,549047091,432607994,124103079,1388360161,27149419,249030911,20648577,294184998
82,81,2361907309,519214741,7807610583,68941656,5702,1520869105,547535865,431417261,123761491,1384538767,27074692,248345465,20591743,293375268
81,82,2361907309,519214741,7807610583,68941656,5702,1520869105,547535865,431417261,123761491,1384538767,27074692,248345465,20591743,293375268
83,82,2361907309,519214741,7807610583,68941656,5702,1520869105,547535865,431417261,123761491,1384538767,27074692,248345465,20591743,293375268
82,83,2361907309,519214741,7807610583,68941656,5702,1520869105,547535865,431417261,123761491,1384538767,27074692,248345465,20591743,293375268
84,83,2361907309,519214741,7807610583,68941656,5702,1520869105,547535865,431417261,123761491,1384538767,27074692,248345465,20591743,293375268
83,84,2361907309,519214741,7807610583,68941656,5702,1520869105,547535865,431417261,123761491,1384538767,27074692,248345465,20591743,293375268
85,84,2361907309,519214741,7807610583,68941656,5702,1520869105,547535865,431417261,123761491,1384538767,27074692,248345465,20591743,293375268
84,85,2361907309,519214741,7807610583,68941656,5702,1520869105,547535865,431417261,123761491,1384538767,27074692,248345465,20591743,293375268
86,85,2361907309,519214741,7807610583,68941656,5702,1520869105,547535865,431417261,123761491,1384538767,27074692,248345465,20591743,293375268
85,86,2361907309,519214741,7807610583,68941656,5702,1520869105,547535865,431417261,123761491,1384538767,27074692,248345465,20591743,293375268
87,86,2361907309,519214741,7807610583,68941656,5702,1520869105,547535865,431417261,123761491,1384538767,27074692,248345465,20591743,293375268
86,87,2361907309,519214741,7807610583,68941656,5702,1520869105,547535865,431417261,123761491,1384538767,27074692,248345465,20591743,293375268
88,87,2361907309,519214741,7807610583,68941656,5702,1520869105,547535865,431417261,123761491,1384538767,27074692,248345465,20591743,293375268
87,88,2361907309,519214741,7807610583,68941656,5702,1520869105,547535865,431417261,123761491,1384538767,27074692,248345465,20591743,293375268
89,88,2361907309,519214741,7807610583,68941656,5702,1520869105,547535865,431417261,123761491,1384538767,27074692,248345465,20591743,293375268
88,89,2361907309,519214741,7807610583,68941656,5702,1520869105,547535865,431417261,123761491,1384538767,27074692,248345465,20591743,293375268
90,89,2361907309,519214741,7807610583,68941656,5702,1520869105,547535865,431417261,123761491,1384538767,27074692,248345465,20591743,293375268
77,90,2030458008,446352711,6711959176,59266990,4902,1307443709,470699497,370875957,106393892,1190244772,23275268,213494847,17702078,252205563
89,90,2361907309,519214741,7807610583,68941656,5702,1520869105,547535865,431417261,123761491,1384538767,27074692,248345465,20591743,293375268
77,91,2104000231,462519394,6955063145,61413612,5080,1354798699,487748009,384308907,110247428,1233354872,24118287,221227528,18343239,261340329
92,91,2104000231,462519394,6955063145,61413612,5080,1354798699,487748009,384308907,110247428,1233354872,24118287,221227528,18343239,261340329
91,92,2104000231,462519394,6955063145,61413612,5080,1354798699,487748009,384308907,110247428,1233354872,24118287,221227528,18343239,261340329
93,92,2104000231,462519394,6955063145,61413612,5080,1354798699,487748009,384308907,110247428,1233354872,24118287,221227528,18343239,261340329
92,93,2104000231,462519394,6955063145,61413612,5080,1354798699,487748009,384308907,110247428,1233354872,24118287,221227528,18343239,261340329
94,93,2104000231,462519394,6955063145,61413612,5080,1354798699,487748009,384308907,110247428,1233354872,24118287,221227528,18343239,261340329
93,94,2104000231,462519394,6955063145,61413612,5080,1354798699,487748009,384308907,110247428,1233354872,24118287,221227528,18343239,261340329
95,94,2104000231,462519394,6955063145,61413612,5080,1354798699,487748009,384308907,110247428,1233354872,24118287,221227528,18343239,261340329
73,95,2104000231,462519394,6955063145,61413612,5080,1354798699,487748009,384308907,110247428,1233354872,24118287,221227528,18343239,261340329
94,95,2104000231,462519394,6955063145,61413612,5080,1354798699,487748009,384308907,110247428,1233354872,24118287,221227528,18343239,261340329
97,96,2501250469,549846351,8268228630,73008940,6039,1610594348,579838309,456869168,131062928,1466221061,28671991,262996862,21806574,310683245
150,96,2501250469,549846351,8268228630,73008940,6039,1610594348,579838309,456869168,131062928,1466221061,28671991,262996862,21806574,310683245
96,97,2501250469,549846351,8268228630,73008940,6039,1610594348,579838309,456869168,131062928,1466221061,28671991,262996862,21806574,310683245
98,97,2501250469,549846351,8268228630,73008940,6039,1610594348,579838309,456869168,131062928,1466221061,28671991,262996862,21806574,310683245
97,98,2501250469,549846351,8268228630,73008940,6039,1610594348,579838309,456869168,131062928,1466221061,28671991,262996862,21806574,310683245
99,98,2501250469,549846351,8268228630,73008940,6039,1610594348,579838309,456869168,131062928,1466221061,28671991,262996862,21806574,310683245
98,99,2501250469,549846351,8268228630,73008940,6039,1610594348,579838309,456869168,131062928,1466221061,28671991,262996862,21806574,310683245
100,99,2313422408,508556374,7647337052,67526431,5585,1489648918,536296126,422561188,121220933,1356117150,26518907,243247465,20169038,287352902
176,99,281334655,61845399,929990530,8211870,679,181155790,65218822,51387548,14741643,164917029,3224956,29581256,2452751,34944906
99,100,2313422408,508556374,7647337052,67526431,5585,1489648918,536296126,422561188,121220933,1356117150,26518907,243247465,20169038,287352902
101,100,2343980118,515273833,7748349782,68418380,5659,1509325506,543379995,428142747,122822125,1374029934,26869192,246460490,20435448,291148511
100,101,2343980118,515273833,7748349782,68418380,5659,1509325506,543379995,428142747,122822125,1374029934,26869192,246460490,20435448,291148511
102,101,2343980118,515273833,7748349782,68418380,5659,1509325506,543379995,428142747,122822125,1374029934,26869192,246460490,20435448,291148511
101,102,2343980118,515273833,7748349782,68418380,5659,1509325506,543379995,428142747,122822125,1374029934,26869192,246460490,20435448,291148511
103,102,2343980118,515273833,7748349782,68418380,5659,1509325506,543379995,428142747,122822125,1374029934,26869192,246460490,20435448,291148511
102,103,2343980118,515273833,7748349782,68418380,5659,1509325506,543379995,428142747,122822125,1374029934,26869192,246460490,20435448,291148511
104,103,2343980118,515273833,7748349782,68418380,5659,1509325506,543379995,428142747,122822125,1374029934,26869192,246460490,20435448,291148511
78,104,2223990175,488896613,7351706463,64915996,5369,1432062102,515564002,406225827,116534777,1303692403,25493739,233844009,19389344,276244420
103,104,2343980118,515273833,7748349782,68418380,5659,1509325506,543379995,428142747,122822125,1374029934,26869192,246460490,20435448,291148511
106,105,2214211708,486747026,7319382390,64630572,5346,1425765594,513297164,404439728,116022395,1297960312,25381648,232815841,19304093,275029825
130,105,2214211708,486747026,7319382390,64630572,5346,1425765594,513297164,404439728,116022395,1297960312,25381648,232815841,19304093,275029825
105,106,2214211708,486747026,7319382390,64630572,5346,1425765594,513297164,404439728,116022395,1297960312,25381648,232815841,19304093,275029825
107,106,2214211708,486747026,7319382390,64630572,5346,1425765594,513297164,404439728,116022395,1297960312,25381648,232815841,19304093,275029825
106,107,2214211708,486747026,7319382390,64630572,5346,1425765594,513297164,404439728,116022395,1297960312,25381648,232815841,19304093,275029825
108,107,2214211708,486747026,7319382390,64630572,5346,1425765594,513297164,404439728,116022395,1297960312,25381648,232815841,19304093,275029825
107,108,2214211708,486747026,7319382390,64630572,5346,1425765594,513297164,404439728,116022395,1297960312,25381648,232815841,19304093,275029825
109,108,2214211708,486747026,7319382390,64630572,5346,1425765594,513297164,404439728,116022395,1297960312,25381648,232815841,19304093,275029825
108,109,2214211708,486747026,7319382390,64630572,5346,1425765594,513297164,404439728,116022395,1297960312,25381648,232815841,19304093,275029825
110,109,2214211708,486747026,7319382390,64630572,5346,1425765594,513297164,404439728,116022395,1297960312,25381648,232815841,19304093,275029825
109,110,2214211708,486747026,7319382390,64630572,5346,1425765594,513297164,404439728,116022395,1297960312,25381648,232815841,19304093,275029825
111,110,2211155937,486075281,7309281117,64541378,5338,1423797935,512588777,403881572,115862276,1296169033,25346620,232494539,19277452,274650264
110,111,2211155937,486075281,7309281117,64541378,5338,1423797935,512588777,403881572,115862276,1296169033,25346620,232494539,19277452,274650264
112,111,2214211708,486747026,7319382390,64630572,5346,1425765594,513297164,404439728,116022395,1297960312,25381648,232815841,19304093,275029825
111,112,2214211708,486747026,7319382390,64630572,5346,1425765594,513297164,404439728,116022395,1297960312,25381648,232815841,19304093,275029825
113,112,2214211708,486747026,7319382390,64630572,5346,1425765594,513297164,404439728,116022395,1297960312,25381648,232815841,19304093,275029825
112,113,2214211708,486747026,7319382390,64630572,5346,1425765594,513297164,404439728,116022395,1297960312,25381648,232815841,19304093,275029825
114,113,421696405,92700924,1393975669,12308886,1018,271536919,97757395,77025507,22096454,247196416,4833932,44339754,3676462,52379403
115,113,1792515302,394046102,5925406721,52321686,4327,1154228674,415539769,327414221,93925941,1050763896,20547716,188476087,15627630,222650421
113,114,421696405,92700924,1393975669,12308886,1018,271536919,97757395,77025507,22096454,247196416,4833932,44339754,3676462,52379403
115,114,421696405,92700924,1393975669,12308886,1018,271536919,97757395,77025507,22096454,247196416,4833932,44339754,3676462,52379403
113,115,1792515302,394046102,5925406721,52321686,4327,1154228674,415539769,327414221,93925941,1050763896,20547716,188476087,15627630,222650421
114,115,421696405,92700924,1393975669,12308886,1018,271536919,97757395,77025507,22096454,247196416,4833932,44339754,3676462,52379403
116,115,2214211708,486747026,7319382390,64630572,5346,1425765594,513297164,404439728,116022395,1297960312,25381648,232815841,19304093,275029825
115,116,2214211708,486747026,7319382390,64630572,5346,1425765594,513297164,404439728,116022395,1297960312,25381648,232815841,19304093,275029825
117,116,2214211708,486747026,7319382390,64630572,5346,1425765594,513297164,404439728,116022395,1297960312,25381648,232815841,19304093,275029825
116,117,2214211708,486747026,7319382390,64630572,5346,1425765594,513297164,404439728,116022395,1297960312,25381648,232815841,19304093,275029825
118,117,2214211708,486747026,7319382390,64630572,5346,1425765594,513297164,404439728,116022395,1297960312,25381648,232815841,19304093,275029825
117,118,2214211708,486747026,7319382390,64630572,5346,1425765594,513297164,404439728,116022395,1297960312,25381648,232815841,19304093,275029825
149,118,1974231821,433992587,6526095753,57625805,4766,1271238787,457665178,360605889,103447698,1157285250,22630743,207582879,17211883,245221643
120,119,2530585871,556295111,8365200851,73865210,6110,1629483872,586638823,462227464,132600073,1483417333,29008265,266081367,22062328,314327030
119,120,2530585871,556295111,8365200851,73865210,6110,1629483872,586638823,462227464,132600073,1483417333,29008265,266081367,22062328,314327030
121,120,2359055256,518587779,7798182728,68858407,5695,1519032623,546874704,430896316,123612047,1382866907,27041999,248045583,20566878,293021012
184,120,119989943,26377219,396643318,3502383,289,77263403,27815993,21916919,6287348,70337530,1375452,12616480,1046104,14904091
120,121,2359055256,518587779,7798182728,68858407,5695,1519032623,546874704,430896316,123612047,1382866907,27041999,248045583,20566878,293021012
122,121,2390224120,525439586,7901215713,69768195,5771,1539102743,554100251,436589505,125245263,1401137946,27399289,251322869,20838616,296892533
121,122,2390224120,525439586,7901215713,69768195,5771,1539102743,554100251,436589505,125245263,1401137946,27399289,251322869,20838616,296892533
123,122,2390224120,525439586,7901215713,69768195,5771,1539102743,554100251,436589505,125245263,1401137946,27399289,251322869,20838616,296892533
122,123,2390224120,525439586,7901215713,69768195,5771,1539102743,554100251,436589505,125245263,1401137946,27399289,251322869,20838616,296892533
124,123,2390224120,525439586,7901215713,69768195,5771,1539102743,554100251,436589505,125245263,1401137946,27399289,251322869,20838616,296892533
123,124,2390224120,525439586,7901215713,69768195,5771,1539102743,554100251,436589505,125245263,1401137946,27399289,251322869,20838616,296892533
125,124,2390224120,525439586,7901215713,69768195,5771,1539102743,554100251,436589505,125245263,1401137946,27399289,251322869,20838616,296892533
124,125,2390224120,525439586,7901215713,69768195,5771,1539102743,554100251,436589505,125245263,1401137946,27399289,251322869,20838616,296892533
126,125,2390224120,525439586,7901215713,69768195,5771,1539102743,554100251,436589505,125245263,1401137946,27399289,251322869,20838616,296892533
125,126,2390224120,525439586,7901215713,69768195,5771,1539102743,554100251,436589505,125245263,1401137946,27399289,251322869,20838616,296892533
127,126,2390224120,525439586,7901215713,69768195,5771,1539102743,554100251,436589505,125245263,1401137946,27399289,251322869,20838616,296892533
126,127,2390224120,525439586,7901215713,69768195,5771,1539102743,554100251,436589505,125245263,1401137946,27399289,251322869,20838616,296892533
128,127,2390224120,525439586,7901215713,69768195,5771,1539102743,554100251,436589505,125245263,1401137946,27399289,251322869,20838616,296892533
127,128,2390224120,525439586,7901215713,69768195,5771,1539102743,554100251,436589505,125245263,1401137946,27399289,251322869,20838616,296892533
129,128,2390224120,525439586,7901215713,69768195,5771,1539102743,554100251,436589505,125245263,1401137946,27399289,251322869,20838616,296892533
128,129,2390224120,525439586,7901215713,69768195,5771,1539102743,554100251,436589505,125245263,1401137946,27399289,251322869,20838616,296892533
130,129,2306699712,507078534,7625114252,67330203,5569,1485320068,534737675,421333245,120868670,1352176337,26441844,242540599,20110428,286517868
105,130,2214211708,486747026,7319382390,64630572,5346,1425765594,513297164,404439728,116022395,1297960312,25381648,232815841,19304093,275029825
129,130,2306699712,507078534,7625114252,67330203,5569,1485320068,534737675,421333245,120868670,1352176337,26441844,242540599,20110428,286517868
173,130,83524408,18361052,276101461,2437991,201,53782674,19362575,15256259,4376592,48961608,957445,8782270,728188,10374664
132,131,0,0,0,0,0,0,0,0,0,0,0,0,0,0
148,131,0,0,0,0,0,0,0,0,0,0,0,0,0,0
131,132,0,0,0,0,0,0,0,0,0,0,0,0,0,0
133,132,0,0,0,0,0,0,0,0,0,0,0,0,0,0
132,133,0,0,0,0,0,0,0,0,0,0,0,0,0,0
134,133,0,0,0,0,0,0,0,0,0,0,0,0,0,0
133,134,0,0,0,0,0,0,0,0,0,0,0,0,0,0
135,134,0,0,0,0,0,0,0,0,0,0,0,0,0,0
134,135,0,0,0,0,0,0,0,0,0,0,0,0,0,0
136,135,0,0,0,0,0,0,0,0,0,0,0,0,0,0
135,136,0,0,0,0,0,0,0,0,0,0,0,0,0,0
137,136,0,0,0,0,0,0,0,0,0,0,0,0,0,0
136,137,0,0,0,0,0,0,0,0,0,0,0,0,0,0
138,137,0,0,0,0,0,0,0,0,0,0,0,0,0,0
137,138,0,0,0,0,0,0,0,0,0,0,0,0,0,0
139,138,0,0,0,0,0,0,0,0,0,0,0,0,0,0
138,139,0,0,0,0,0,0,0,0,0,0,0,0,0,0
142,139,113470965,24944161,375093936,3312101,273,73065731,26304767,20726187,5945760,66516137,1300724,11931035,989270,14094361
141,140,196587938,43215648,649848560,5738200,474,126586051,45572892,35908026,10301003,115238908,2253499,20670465,1713906,24418417
148,140,196587938,43215648,649848560,5738200,474,126586051,45572892,35908026,10301003,115238908,2253499,20670465,1713906,24418417
140,141,196587938,43215648,649848560,5738200,474,126586051,45572892,35908026,10301003,115238908,2253499,20670465,1713906,24418417
142,141,196587938,43215648,649848560,5738200,474,126586051,45572892,35908026,10301003,115238908,2253499,20670465,1713906,24418417
139,142,113470965,24944161,375093936,3312101,273,73065731,26304767,20726187,5945760,66516137,1300724,11931035,989270,14094361
141,142,196587938,43215648,649848560,5738200,474,126586051,45572892,35908026,10301003,115238908,2253499,20670465,1713906,24418417
75,143,300891590,66144572,994638677,8782717,726,193748806,69752499,54959746,15766407,176381210,3449139,31637592,2623253,37374096
144,143,300891590,66144572,994638677,8782717,726,193748806,69752499,54959746,15766407,176381210,3449139,31637592,2623253,37374096
143,144,300891590,66144572,994638677,8782717,726,193748806,69752499,54959746,15766407,176381210,3449139,31637592,2623253,37374096
145,144,300891590,66144572,994638677,8782717,726,193748806,69752499,54959746,15766407,176381210,3449139,31637592,2623253,37374096
144,145,300891590,66144572,994638677,8782717,726,193748806,69752499,54959746,15766407,176381210,3449139,31637592,2623253,37374096
146,145,300891590,66144572,994638677,8782717,726,193748806,69752499,54959746,15766407,176381210,3449139,31637592,2623253,37374096
145,146,300891590,66144572,994638677,8782717,726,193748806,69752499,54959746,15766407,176381210,3449139,31637592,2623253,37374096
147,146,300891590,66144572,994638677,8782717,726,193748806,69752499,54959746,15766407,176381210,3449139,31637592,2623253,37374096
146,147,300891590,66144572,994638677,8782717,726,193748806,69752499,54959746,15766407,176381210,3449139,31637592,2623253,37374096
148,147,248739764,54680110,822243619,7260459,600,160167429,57662695,45433886,13033705,145810059,2851319,26154029,2168580,30896256
131,148,0,0,0,0,0,0,0,0,0,0,0,0,0,0
140,148,196587938,43215648,649848560,5738200,474,126586051,45572892,35908026,10301003,115238908,2253499,20670465,1713906,24418417
147,148,248739764,54680110,822243619,7260459,600,160167429,57662695,45433886,13033705,145810059,2851319,26154029,2168580,30896256
118,149,1974231821,433992587,6526095753,57625805,4766,1271238787,457665178,360605889,103447698,1157285250,22630743,207582879,17211883,245221643
150,149,2376167574,522349555,7854749857,69357898,5737,1530051512,550841671,434021988,124508714,1392898066,27238158,249844877,20716067,295146553
163,149,896155792,197000659,2962366651,26157870,2163,577048748,207746271,163688505,46957633,525322238,10272690,94227333,7812927,111312558
96,150,2501250469,549846351,8268228630,73008940,6039,1610594348,579838309,456869168,131062928,1466221061,28671991,262996862,21806574,310683245
149,150,2376167574,522349555,7854749857,69357898,5737,1530051512,550841671,434021988,124508714,1392898066,27238158,249844877,20716067,295146553
163,150,0,0,0,0,0,0,0,0,0,0,0,0,0,0
77,151,703642215,154680672,2325986454,20538595,1698,453086241,163117895,128524687,36870121,412471701,8065895,73985271,6134542,87400222
152,151,1014719709,223064397,3354296042,29618629,2450,653393911,235231684,185344952,53170259,594823839,11631796,106693873,8846599,126039521
151,152,1014719709,223064397,3354296042,29618629,2450,653393911,235231684,185344952,53170259,594823839,11631796,106693873,8846599,126039521
153,152,496257219,109091522,1640446729,14485240,1198,319547795,115042036,90644510,26003363,290903608,5688627,52179537,4326503,61640689
152,153,496257219,109091522,1640446729,14485240,1198,319547795,115042036,90644510,26003363,290903608,5688627,52179537,4326503,61640689
78,154,335116225,73668125,1107772935,9781699,809,215786585,77686432,61211091,17559742,196443528,3841458,35236181,2921633,41625178
155,154,418436916,91984395,1383200978,12213745,1010,269438083,97001782,76430141,21925660,245285719,4796568,43997031,3648045,51974538
154,155,418436916,91984395,1383200978,12213745,1010,269438083,97001782,76430141,21925660,245285719,4796568,43997031,3648045,51974538
156,155,418436916,91984395,1383200978,12213745,1010,269438083,97001782,76430141,21925660,245285719,4796568,43997031,3648045,51974538
155,156,418436916,91984395,1383200978,12213745,1010,269438083,97001782,76430141,21925660,245285719,4796568,43997031,3648045,51974538
157,156,408047295,89700459,1348856649,11910482,985,262748043,94593267,74532411,21381254,239195372,4677471,42904603,3557466,50684031
156,157,408047295,89700459,1348856649,11910482,985,262748043,94593267,74532411,21381254,239195372,4677471,42904603,3557466,50684031
158,157,408047295,89700459,1348856649,11910482,985,262748043,94593267,74532411,21381254,239195372,4677471,42904603,3557466,50684031
157,158,408047295,89700459,1348856649,11910482,985,262748043,94593267,74532411,21381254,239195372,4677471,42904603,3557466,50684031
159,158,408047295,89700459,1348856649,11910482,985,262748043,94593267,74532411,21381254,239195372,4677471,42904603,3557466,50684031
158,159,408047295,89700459,1348856649,11910482,985,262748043,94593267,74532411,21381254,239195372,4677471,42904603,3557466,50684031
160,159,188642933,41469109,623585251,5506294,455,121470138,43731086,34456821,9884693,110581585,2162425,19835078,1644639,23431559
159,160,188642933,41469109,623585251,5506294,455,121470138,43731086,34456821,9884693,110581585,2162425,19835078,1644639,23431559
161,160,0,0,0,0,0,0,0,0,0,0,0,0,0,0
160,161,0,0,0,0,0,0,0,0,0,0,0,0,0,0
162,161,0,0,0,0,0,0,0,0,0,0,0,0,0,0
161,162,0,0,0,0,0,0,0,0,0,0,0,0,0,0
149,163,896155792,197000659,2962366651,26157870,2163,577048748,207746271,163688505,46957633,525322238,10272690,94227333,7812927,111312558
150,163,0,0,0,0,0,0,0,0,0,0,0,0,0,0
164,163,1276293711,280565840,4218965008,37253706,3081,821825508,295869604,233123093,66876465,748157268,14630235,134197373,11127071,158529934
163,164,1276293711,280565840,4218965008,37253706,3081,821825508,295869604,233123093,66876465,748157268,14630235,134197373,11127071,158529934
165,164,1276293711,280565840,4218965008,37253706,3081,821825508,295869604,233123093,66876465,748157268,14630235,134197373,11127071,158529934
164,165,1276293711,280565840,4218965008,37253706,3081,821825508,295869604,233123093,66876465,748157268,14630235,134197373,11127071,158529934
166,165,1276293711,280565840,4218965008,37253706,3081,821825508,295869604,233123093,66876465,748157268,14630235,134197373,11127071,158529934
165,166,1276293711,280565840,4218965008,37253706,3081,821825508,295869604,233123093,66876465,748157268,14630235,134197373,11127071,158529934
167,166,1276293711,280565840,4218965008,37253706,3081,821825508,295869604,233123093,66876465,748157268,14630235,134197373,11127071,158529934
166,167,1276293711,280565840,4218965008,37253706,3081,821825508,295869604,233123093,66876465,748157268,14630235,134197373,11127071,158529934
168,167,892692584,196239347,2950918542,26056782,2155,574818735,206943433,163055928,46776164,523292123,10232991,93863190,7782733,110882389
167,168,892692584,196239347,2950918542,26056782,2155,574818735,206943433,163055928,46776164,523292123,10232991,93863190,7782733,110882389
169,168,644971411,141783152,2132042013,18826055,1557,415307192,149516866,117808094,33795832,378079156,7393347,67816262,5623034,80112653
168,169,644971411,141783152,2132042013,18826055,1557,415307192,149516866,117808094,33795832,378079156,7393347,67816262,5623034,80112653
170,169,676547712,148724526,2236421834,19747735,1633,435639666,156836864,123575705,35450397,396589032,7755309,71136388,5898324,84034782
169,170,676547712,148724526,2236421834,19747735,1633,435639666,156836864,123575705,35450397,396589032,7755309,71136388,5898324,84034782
171,170,603616642,132692192,1995338119,17618951,1457,388678209,139930030,110254385,31628885,353837188,6919295,63467967,5262492,74975929
170,171,603616642,132692192,1995338119,17618951,1457,388678209,139930030,110254385,31628885,353837188,6919295,63467967,5262492,74975929
172,171,200254863,44021743,661970088,5845234,483,128947242,46422956,36577813,10493147,117388442,2295534,21056028,1745875,24873890
171,172,200254863,44021743,661970088,5845234,483,128947242,46422956,36577813,10493147,117388442,2295534,21056028,1745875,24873890
130,173,83524408,18361052,276101461,2437991,201,53782674,19362575,15256259,4376592,48961608,957445,8782270,728188,10374664
175,174,0,0,0,0,0,0,0,0,0,0,0,0,0,0
174,175,0,0,0,0,0,0,0,0,0,0,0,0,0,0
189,175,0,0,0,0,0,0,0,0,0,0,0,0,0,0
99,176,281334655,61845399,929990530,8211870,679,181155790,65218822,51387548,14741643,164917029,3224956,29581256,2452751,34944906
177,176,343876102,75593797,1136729917,10037391,830,221427207,79717141,62811138,18018750,201578526,3941873,36157249,2998004,42713252
176,177,343876102,75593797,1136729917,10037391,830,221427207,79717141,62811138,18018750,201578526,3941873,36157249,2998004,42713252
178,177,343876102,75593797,1136729917,10037391,830,221427207,79717141,62811138,18018750,201578526,3941873,36157249,2998004,42713252
177,178,343876102,75593797,1136729917,10037391,830,221427207,79717141,62811138,18018750,201578526,3941873,36157249,2998004,42713252
179,178,343876102,75593797,1136729917,10037391,830,221427207,79717141,62811138,18018750,201578526,3941873,36157249,2998004,42713252
178,179,343876102,75593797,1136729917,10037391,830,221427207,79717141,62811138,18018750,201578526,3941873,36157249,2998004,42713252
180,179,343876102,75593797,1136729917,10037391,830,221427207,79717141,62811138,18018750,201578526,3941873,36157249,2998004,42713252
179,180,343876102,75593797,1136729917,10037391,830,221427207,79717141,62811138,18018750,201578526,3941873,36157249,2998004,42713252
181,180,260351694,57232744,860628456,7599399,628,167644533,60354565,47554878,13642158,152616917,2984427,27374978,2269816,32338588
180,181,260351694,57232744,860628456,7599399,628,167644533,60354565,47554878,13642158,152616917,2984427,27374978,2269816,32338588
182,181,176827285,38871691,584526995,5161407,426,113861858,40991989,32298618,9265566,103655308,2026982,18592708,1541627,21963923
181,182,176827285,38871691,584526995,5161407,426,113861858,40991989,32298618,9265566,103655308,2026982,18592708,1541627,21963923
183,182,176827285,38871691,584526995,5161407,426,113861858,40991989,32298618,9265566,103655308,2026982,18592708,1541627,21963923
182,183,176827285,38871691,584526995,5161407,426,113861858,40991989,32298618,9265566,103655308,2026982,18592708,1541627,21963923
120,184,119989943,26377219,396643318,3502383,289,77263403,27815993,21916919,6287348,70337530,1375452,12616480,1046104,14904091
185,184,244869120,53829232,809448673,7147478,591,157675061,56765405,44726888,12830887,143541107,2806950,25747045,2134834,30415479
184,185,244869120,53829232,809448673,7147478,591,157675061,56765405,44726888,12830887,143541107,2806950,25747045,2134834,30415479
186,185,244869120,53829232,809448673,7147478,591,157675061,56765405,44726888,12830887,143541107,2806950,25747045,2134834,30415479
185,186,244869120,53829232,809448673,7147478,591,157675061,56765405,44726888,12830887,143541107,2806950,25747045,2134834,30415479
187,186,244869120,53829232,809448673,7147478,591,157675061,56765405,44726888,12830887,143541107,2806950,25747045,2134834,30415479
186,187,244869120,53829232,809448673,7147478,591,157675061,56765405,44726888,12830887,143541107,2806950,25747045,2134834,30415479
188,187,244869120,53829232,809448673,7147478,591,157675061,56765405,44726888,12830887,143541107,2806950,25747045,2134834,30415479
187,188,244869120,53829232,809448673,7147478,591,157675061,56765405,44726888,12830887,143541107,2806950,25747045,2134834,30415479
175,189,0,0,0,0,0,0,0,0,0,0,0,0,0,0
190,189,0,0,0,0,0,0,0,0,0,0,0,0,0,0
189,190,0,0,0,0,0,0,0,0,0,0,0,0,0,0
191,190,0,0,0,0,0,0,0,0,0,0,0,0,0,0
190,191,0,0,0,0,0,0,0,0,0,0,0,0,0,0
192,191,0,0,0,0,0,0,0,0,0,0,0,0,0,0
191,192,0,0,0,0,0,0,0,0,0,0,0,0,0,0
193,192,0,0,0,0,0,0,0,0,0,0,0,0,0,0
192,193,0,0,0,0,0,0,0,0,0,0,0,0,0,0
194,193,0,0,0,0,0,0,0,0,0,0,0,0,0,0
193,194,0,0,0,0,0,0,0,0,0,0,0,0,0,0
195,194,0,0,0,0,0,0,0,0,0,0,0,0,0,0
194,195,0,0,0,0,0,0,0,0,0,0,0,0,0,0
196,195,0,0,0,0,0,0,0,0,0,0,0,0,0,0
195,196,0,0,0,0,0,0,0,0,0,0,0,0,0,0
197,196,0,0,0,0,0,0,0,0,0,0,0,0,0,0
196,197,0,0,0,0,0,0,0,0,0,0,0,0,0,0
198,197,0,0,0,0,0,0,0,0,0,0,0,0,0,0
197,198,0,0,0,0,0,0,0,0,0,0,0,0,0,0
199,198,0,0,0,0,0,0,0,0,0,0,0,0,0,0
198,199,0,0,0,0,0,0,0,0,0,0,0,0,0,0
200,199,0,0,0,0,0,0,0,0,0,0,0,0,0,0
45,200,0,0,0,0,0,0,0,0,0,0,0,0,0,0
199,200,0,0,0,0,0,0,0,0,0,0,0,0,0,0
